artist_id,adesc,aname
1,"<p>\nLorem ipsum dolor sit amet, consectetuer adipiscing elit. Donec molestie.\n    Sed aliquam sem ut arcu. Phasellus sollicitudin. Vestibulum condimentum facilisis\n    nulla. In hac habitasse platea dictumst. Nulla nonummy. Cras quis libero.\n    Cras venenatis. Aliquam posuere lobortis pede. Nullam fringilla urna id leo.\n    Praesent aliquet pretium erat. Praesent non odio. Pellentesque a magna a\n    mauris vulputate lacinia. Aenean viverra. Class aptent taciti sociosqu ad\n    litora torquent per conubia nostra, per inceptos hymenaeos. Aliquam lacus.\n    Mauris magna eros, semper a, tempor et, rutrum et, tortor.\n</p>\n<p>\nLorem ipsum dolor sit amet, consectetuer adipiscing elit. Donec molestie.\n    Sed aliquam sem ut arcu. Phasellus sollicitudin. Vestibulum condimentum facilisis\n    nulla. In hac habitasse platea dictumst. Nulla nonummy. Cras quis libero.\n    Cras venenatis. Aliquam posuere lobortis pede. Nullam fringilla urna id leo.\n    Praesent aliquet pretium erat. Praesent non odio. Pellentesque a magna a\n    mauris vulputate lacinia. Aenean viverra. Class aptent taciti sociosqu ad\n    litora torquent per conubia nostra, per inceptos hymenaeos. Aliquam lacus.\n    Mauris magna eros, semper a, tempor et, rutrum et, tortor.\n</p>",r4w8173
2,"<p>\nLorem ipsum dolor sit amet, consectetuer adipiscing elit. Donec molestie.\nSed aliquam sem ut arcu. Phasellus sollicitudin. Vestibulum condimentum facilisis\nnulla. In hac habitasse platea dictumst. Nulla nonummy. Cras quis libero.\nCras venenatis. Aliquam posuere lobortis pede. Nullam fringilla urna id leo.\nPraesent aliquet pretium erat. Praesent non odio. Pellentesque a magna a\nmauris vulputate lacinia. Aenean viverra. Class aptent taciti sociosqu ad\nlitora torquent per conubia nostra, per inceptos hymenaeos. Aliquam lacus.\nMauris magna eros, semper a, tempor et, rutrum et, tortor.\n</p>\n<p>\nLorem ipsum dolor sit amet, consectetuer adipiscing elit. Donec molestie.\nSed aliquam sem ut arcu. Phasellus sollicitudin. Vestibulum condimentum facilisis\nnulla. In hac habitasse platea dictumst. Nulla nonummy. Cras quis libero.\nCras venenatis. Aliquam posuere lobortis pede. Nullam fringilla urna id leo.\nPraesent aliquet pretium erat. Praesent non odio. Pellentesque a magna a\nmauris vulputate lacinia. Aenean viverra. Class aptent taciti sociosqu ad\nlitora torquent per conubia nostra, per inceptos hymenaeos. Aliquam lacus.\nMauris magna eros, semper a, tempor et, rutrum et, tortor.\n</p>",Blad3
3,"<p>\nLorem ipsum dolor sit amet, consectetuer adipiscing elit. Donec molestie.\nSed aliquam sem ut arcu. Phasellus sollicitudin. Vestibulum condimentum facilisis\nnulla. In hac habitasse platea dictumst. Nulla nonummy. Cras quis libero.\nCras venenatis. Aliquam posuere lobortis pede. Nullam fringilla urna id leo.\nPraesent aliquet pretium erat. Praesent non odio. Pellentesque a magna a\nmauris vulputate lacinia. Aenean viverra. Class aptent taciti sociosqu ad\nlitora torquent per conubia nostra, per inceptos hymenaeos. Aliquam lacus.\nMauris magna eros, semper a, tempor et, rutrum et, tortor.\n</p>\n<p>\nLorem ipsum dolor sit amet, consectetuer adipiscing elit. Donec molestie.\nSed aliquam sem ut arcu. Phasellus sollicitudin. Vestibulum condimentum facilisis\nnulla. In hac habitasse platea dictumst. Nulla nonummy. Cras quis libero.\nCras venenatis. Aliquam posuere lobortis pede. Nullam fringilla urna id leo.\nPraesent aliquet pretium erat. Praesent non odio. Pellentesque a magna a\nmauris vulputate lacinia. Aenean viverra. Class aptent taciti sociosqu ad\nlitora torquent per conubia nostra, per inceptos hymenaeos. Aliquam lacus.\nMauris magna eros, semper a, tempor et, rutrum et, tortor.\n</p>",lyzae

