cat_id,cdesc,cname
1,"Lorem ipsum dolor sit amet, consectetuer adipiscing elit. Donec molestie.\n    Sed aliquam sem ut arcu. Phasellus sollicitudin. Vestibulum condimentum facilisis\n    nulla. In hac habitasse platea dictumst. Nulla nonummy. Cras quis libero.\n    Cras venenati",Posters
2,"Lorem ipsum dolor sit amet, consectetuer adipiscing elit. Donec molestie.\n    Sed aliquam sem ut arcu. Phasellus sollicitudin. Vestibulum condimentum facilisis\n    nulla. In hac habitasse platea dictumst. Nulla nonummy. Cras quis libero.\n    Cras venenati",Paintings
3,"Lorem ipsum dolor sit amet, consectetuer adipiscing elit. Donec molestie.\n    Sed aliquam sem ut arcu. Phasellus sollicitudin. Vestibulum condimentum facilisis\n    nulla. In hac habitasse platea dictumst. Nulla nonummy. Cras quis libero.\n    Cras venenati",Stickers
4,"Lorem ipsum dolor sit amet, consectetuer adipiscing elit. Donec molestie.\n    Sed aliquam sem ut arcu. Phasellus sollicitudin. Vestibulum condimentum facilisis\n    nulla. In hac habitasse platea dictumst. Nulla nonummy. Cras quis libero.\n    Cras venenati",Graffity

