a_id,cat_id,pic_id,img,plong,price,title,pshort
1,1,1,./pictures/1.jpg,<p>\nThis picture is an 53 cm x 12 cm masterpiece.\n</p>\n<p>\nThis text is not meant to be read. This is being used as a place holder. Please feel free to change this by inserting your own information.This text is not meant to be read. This is being used as a place holder. Please feel free to change this by inserting your own information.This text is not meant to be read. This is being used as a place holder. Please feel free to change this by inserting your own information.This text is not meant to be read. This is being used as a place holder. Please feel free to change this by inserting your own information. \n</p>,500,The shore,"Lorem ipsum dolor sit amet, consectetuer adipiscing elit. Donec molestie.\nSed aliquam sem ut arcu."
1,1,2,./pictures/2.jpg,<p>\nThis picture is an 53 cm x 12 cm masterpiece.\n</p>\n<p>\nThis text is not meant to be read. This is being used as a place holder. Please feel free to change this by inserting your own information.This text is not meant to be read. This is being used as a place holder. Please feel free to change this by inserting your own information.This text is not meant to be read. This is being used as a place holder. Please feel free to change this by inserting your own information.This text is not meant to be read. This is being used as a place holder. Please feel free to change this by inserting your own information. \n</p>,800,Mistery,Donec molestie.\nSed aliquam sem ut arcu.
1,1,3,./pictures/3.jpg,<p>\nThis picture is an 53 cm x 12 cm masterpiece.\n</p>\n<p>\nThis text is not meant to be read. This is being used as a place holder. Please feel free to change this by inserting your own information.This text is not meant to be read. This is being used as a place holder. Please feel free to change this by inserting your own information.This text is not meant to be read. This is being used as a place holder. Please feel free to change this by inserting your own information.This text is not meant to be read. This is being used as a place holder. Please feel free to change this by inserting your own information. \n</p>,986,The universe,Lorem ipsum dolor sit amet. Donec molestie.\nSed aliquam sem ut arcu.
1,1,4,./pictures/4.jpg,<p>\nThis picture is an 53 cm x 12 cm masterpiece.\n</p>\n<p>\nThis text is not meant to be read. This is being used as a place holder. Please feel free to change this by inserting your own information.This text is not meant to be read. This is being used as a place holder. Please feel free to change this by inserting your own information.This text is not meant to be read. This is being used as a place holder. Please feel free to change this by inserting your own information.This text is not meant to be read. This is being used as a place holder. Please feel free to change this by inserting your own information. \n</p>,1000,Walking,"Lorem ipsum dolor sit amet, consectetuer adipiscing elit. Donec molestie.\nSed aliquam sem ut arcu. Phasellus sollicitudin.\n"
1,1,5,./pictures/5.jpg,<p>\nThis picture is an 53 cm x 12 cm masterpiece.\n</p>\n<p>\nThis text is not meant to be read. This is being used as a place holder. Please feel free to change this by inserting your own information.This text is not meant to be read. This is being used as a place holder. Please feel free to change this by inserting your own information.This text is not meant to be read. This is being used as a place holder. Please feel free to change this by inserting your own information.This text is not meant to be read. This is being used as a place holder. Please feel free to change this by inserting your own information. \n</p>,460,Mean,"Lorem ipsum dolor sit amet, consectetuer adipiscing elit."
1,2,6,./pictures/6.jpg,<p>\nThis picture is an 99 cm x 200 cm masterpiece.\n</p>\n<p>\nThis text is not meant to be read. This is being used as a place holder. Please feel free to change this by inserting your own information.This text is not meant to be read. This is being used as a place holder. Please feel free to change this by inserting your own information.This text is not meant to be read. This is being used as a place holder. Please feel free to change this by inserting your own information.This text is not meant to be read. This is being used as a place holder. Please feel free to change this by inserting your own information. \n</p>,10000,Thing,"Lorem ipsum dolor sit amet, consectetuer adipiscing elit. Donec molestie.\nSed aliquam sem ut arcu. Phasellus sollicitudin.\n"
2,1,7,./pictures/7.jpg,bla bla bla long,15000,Trees,bla bla bla

